First,Last,Pos,Team
Terra,Bowen,P,ABR/Slayden
Chaia,Brower,G,ABR/Slayden
Katelyn,Colasacco,P,ABR/Slayden
KattiJo,Deeter,P,ABR/Slayden
Krynn,Finstad,P,ABR/Slayden
Adrian,Gall,P,ABR/Slayden
Trisha,Levasseur,P,ABR/Slayden
Jessica,Maier,P,ABR/Slayden
Ellie,Mason,P,ABR/Slayden
Darcy,Peter,P,ABR/Slayden
Natalie,Peter,P,ABR/Slayden
Nikki,Preston,P,ABR/Slayden
Karen,Taber,P,ABR/Slayden
Joann,Utterback,P,ABR/Slayden
Bree,Conley,P,AIS
Katie,Eastman,P,AIS
Sharon,Hansen,P,AIS
Mary,Johnston,G,AIS
Kate,Liddle Broberg,P,AIS
Hali,Morrow,P,AIS
Lisa,Morrow,P,AIS
Jennifer,Reifler,P,AIS
Rebecca,Russell,P,AIS
Audrey,Sanches,P,AIS
Missy,Schwarz,P,AIS
Pam,Seiser,P,AIS
Kit,Shannon,P,AIS
Teresa,Shannon,P,AIS
Lauren,Bosche,P,Aurora
Chaia,Brower,P,Aurora
Becky,Childs,P,Aurora
Barbara,Cole,P,Aurora
Heidi,Holmes,P,Aurora
Michelle,Lammers,P,Aurora
Kathy,Larson,G,Aurora
Brooks,Lawler,P,Aurora
Sara,Lucey,P,Aurora
Michayila,Lund,P,Aurora
Amy,Vagedes,P,Aurora
Gail,Vanderpool,P,Aurora
Jazlin,Vanderpool,P,Aurora
Kate,Yeske,P,Aurora
Amanda,Barker,P,Brew Crew
Elise,Brehm,P,Brew Crew
Toni,Brewer,P,Brew Crew
Malia,Fannin,P,Brew Crew
Christine,Fik,G,Brew Crew
Shawna,Hughes,P,Brew Crew
Rebecca,Hurbi,P,Brew Crew
Brita,Irving,P,Brew Crew
Bonnie,Keyes,P,Brew Crew
Erin,Martsolf,P,Brew Crew
Kerry,Savereide,P,Brew Crew
Andrea,Trinchet,P,Brew Crew
Jennifer,Wilson,P,Brew Crew
Sherina,Anderson,P,Chena Health
Kristen,Blomquist-Liu,P,Chena Health
Mallory,Clark,P,Chena Health
Miah,Crawford,P,Chena Health
Elizabeth,Decker,G,Chena Health
Debbie,Kissinger,P,Chena Health
Vanessa,Kissinger,P,Chena Health
Jennifer,Lucey,P,Chena Health
Denise,Newman,P,Chena Health
Anika,Pinzner,P,Chena Health
Claire,Puleio,P,Chena Health
Kim,Schumacher,P,Chena Health
Kathleen,Stewart,P,Chena Health
Amanda,TerBeek,P,Chena Health
Lisa,Thoene,P,Chena Health
Jen,Curl,P,Fullford
Tara,Faulkner-Katkin,P,Fullford
Hannah,Hartley,P,Fullford
Michele,Kelly,P,Fullford
Hope,Laro,P,Fullford
Erica,Mathews,P,Fullford
Whitney,McLaren,G,Fullford
Galilee,Murray,P,Fullford
Sheryl,Pierce,P,Fullford
Meaghan,Price,P,Fullford
Valerie,Raisis,P,Fullford
Samantha,Richards,P,Fullford
Jennifer,Roach,P,Fullford
Amanda,Tate,P,Fullford
Marissa,Breslin,P,Home Town PT
Lilyana,Cherneva,P,Home Town PT
Kayla,Clark,P,Home Town PT
Sarah,Frampton,P,Home Town PT
Lainey,Gallenberg,P,Home Town PT
Jen,Graham,P,Home Town PT
Gennesaret,Halbert,P,Home Town PT
Kristine,Hammargren,P,Home Town PT
Natalie,Kimberlin,P,Home Town PT
Amy,Larsen,P,Home Town PT
Trisha,Levasseur,G,Home Town PT
Allison,Mogensen,P,Home Town PT
Stacie,Oaks,P,Home Town PT
Sarah,Steele,P,Home Town PT
Alizey,Anderson,P,House of Fly
Lindsey,Dreese,P,House of Fly
Rachel,Escobar,P,House of Fly
Kira,Hansen,G,House of Fly
Maren,Johnson,P,House of Fly
Bryn,King,P,House of Fly
Dianne,Marshall,P,House of Fly
Bailey,Sullivan,P,House of Fly
Karyn,Summar,P,House of Fly
Laura,Tanski,P,House of Fly
Brandi,Thomas,P,House of Fly
Kelly,Walker,P,House of Fly
Thadea,Williamson,P,House of Fly
Marina,Day,P,Ice Dragons
Michele,Doyle-Brewer,P,Ice Dragons
Rex Ann,Hall,P,Ice Dragons
Cristina,Hansen,P,Ice Dragons
Rebecca,Lindsey,P,Ice Dragons
Alison,McCarron,P,Ice Dragons
Marissa,McDowell,P,Ice Dragons
Genie,Permenter,G,Ice Dragons
Aprille,Pitt,P,Ice Dragons
Kelly,Schmitz,P,Ice Dragons
Liz,Sewell,P,Ice Dragons
Miriam,Woody,P,Ice Dragons
Naomi,Woody,P,Ice Dragons
Jessica,Wooley,P,Ice Dragons
Brianna,Bates,P,Lat 65 Brewing
Tirzah,Bryant,P,Lat 65 Brewing
Michele,Christensen,G,Lat 65 Brewing
Ashley,Ellis,P,Lat 65 Brewing
Lia,Ferguson,P,Lat 65 Brewing
Aspen,French,P,Lat 65 Brewing
Shawna,Karpovich,P,Lat 65 Brewing
Patricia,Nelsen,P,Lat 65 Brewing
Corinne,Roe,P,Lat 65 Brewing
Ellen,Thomas Evans,P,Lat 65 Brewing
Callan,Van Nuys,P,Lat 65 Brewing
Denise,Werle,P,Lat 65 Brewing
Mary,Willis,P,Lat 65 Brewing
Mika,Brassfield,P,PIAS
Jenny,Danski,P,PIAS
Emily,Donaldson,P,PIAS
Allison,Donovan,P,PIAS
Donna,Fisher,P,PIAS
Shawna,Henderson,P,PIAS
Jacqueline,Kohntopp,P,PIAS
Candy,Mattingly,P,PIAS
Alyssa,Rittel,P,PIAS
Parker,Stephenson,G,PIAS
Chelsea,Taylor,P,PIAS
Stephanie,Wilkinson,P,PIAS
Rhonda,Williams,P,PIAS
Haley,Bartlett,P,Summit Travelers
Megan,Bennett,G,Summit Travelers
Summer,Britton,P,Summit Travelers
Michelle,Coleman,P,Summit Travelers
Cassie,Duncan,P,Summit Travelers
Isabel,Eaton,P,Summit Travelers
Ashley,Ermi,P,Summit Travelers
Sarah,Ermi,P,Summit Travelers
Jasmine,King,P,Summit Travelers
Laura,Knutsen,P,Summit Travelers
Olivia,Lawrence,P,Summit Travelers
Tawni,MacArthur,P,Summit Travelers
Quinlyn,Reed,P,Summit Travelers
Jordyne,Vivlamore,P,Summit Travelers
Carolene,Coon,G,Wentz
Julie,Esdale,P,Wentz
Larissa,Hine,P,Wentz
Linda,Kang,P,Wentz
Deidre,Larson,P,Wentz
Tara,Leighton,P,Wentz
Cindy,Matthews,P,Wentz
Lisa,Mohr,P,Wentz
Michele,Nilson,P,Wentz
Audrey,Ranstead,P,Wentz
Janet,Sheets,P,Wentz
Breanna,St.Amand,P,Wentz
Stephanie,Stettin,P,Wentz
Carlie,Wade,P,Wentz