player,team,gp,goals,assists,pim,hat_tricks
"Bowen, Terra",ABR/Slayden,18,4,5,0,0
"Brassfield, Mika",ABR/Slayden,19,1,2,0,0
"Colassaco, Katelyn",ABR/Slayden,21,4,4,2,0
"Conley, Bree",ABR/Slayden,20,8,1,6,0
"Deeter, KattiJo",ABR/Slayden,13,2,1,0,0
"Fox, Lauren",ABR/Slayden,20,0,2,0,0
"Gall, Adrian",ABR/Slayden,17,3,0,4,0
"Johnson, Maren",ABR/Slayden,17,4,4,2,0
"Mason, Ellie",ABR/Slayden,15,1,4,2,0
"Peter, Darcy",ABR/Slayden,11,10,4,2,0
"Savereide, Kerry",ABR/Slayden,16,0,4,0,0
"Utterback, Joann",ABR/Slayden,19,17,7,0,1
"Breslin, Marissa",AIS,18,1,6,0,0
"Eaton, Isabel",AIS,19,0,7,0,0
"Gallenberg, Lainey",AIS,20,2,5,0,0
"Holmes, Heidi",AIS,20,10,8,2,0
"Knutsen, Laura",AIS,21,1,4,0,0
"Liddle-Broberg, Kate",AIS,20,3,1,2,0
"Morrow, Hali",AIS,17,36,15,4,5
"Morrow, Lisa",AIS,19,3,1,2,0
"Schwarz, Missy",AIS,20,9,2,2,0
"Shannon, Kit",AIS,19,6,14,2,0
"Shannon, Teresa",AIS,20,3,5,0,0
"Van Nuys, Callan",AIS,19,6,1,0,0
"Britton, Summer",Aurora,16,16,6,2,1
"Buckmeier, Victoria",Aurora,17,11,4,2,0
"Cole, Barb",Aurora,19,5,5,0,0
"Hansen, Kira",Aurora,21,2,1,2,0
"King, Bryn",Aurora,19,5,7,0,0
"Redilla, Molly",Aurora,18,4,2,0,0
"Seiser, Pam",Aurora,18,0,1,0,0
"Trinchet, Andrea",Aurora,20,1,1,2,0
"Vanderpool, Gail",Aurora,16,0,3,2,0
"Vanderpool, Jazlin",Aurora,18,1,3,0,0
"Waldroup, Melody",Aurora,8,0,0,0,0
"Weston, Olivia",Aurora,19,0,3,0,0
"Brewer, Toni",Brew Crew,19,4,4,2,0
"Hughes, Shawna",Brew Crew,21,30,8,0,2
"Hurbi, Rebecca",Brew Crew,21,2,3,2,0
"Irving, Brita",Brew Crew,20,17,7,8,0
"Lawrence, Olivia",Brew Crew,19,2,3,0,0
"Martsolf, Erin",Brew Crew,15,1,1,6,0
"Slater, Sierra",Brew Crew,17,3,4,0,0
"Summar, Karyn",Brew Crew,19,1,0,6,0
"Tanski, Laura",Brew Crew,19,1,5,6,0
"Walters, Malia",Brew Crew,20,12,3,0,0
"Williamson, Thadea",Brew Crew,20,10,6,7,0
"Wilson, Jennifer",Brew Crew,19,0,5,6,0
"Anderson, Sherina",Chena Health,13,0,1,0,0
"Kissinger, Debbie",Chena Health,13,2,2,0,0
"Kissinger, Vanessa",Chena Health,19,12,8,2,0
"Lucey, Jennifer",Chena Health,17,1,2,2,0
"Lucey, Sara",Chena Health,15,11,7,0,2
"Newman, Denise",Chena Health,20,5,3,2,0
"Pinzer, Anika",Chena Health,17,1,4,2,0
"Puleio, Claire",Chena Health,19,3,5,2,0
"Schumacher, Kim",Chena Health,15,1,4,0,0
"Stewart, Kathleen",Chena Health,14,26,6,0,5
"Theone, Lisa",Chena Health,14,5,3,0,0
"Williams, Sarah",Chena Health,18,2,1,0,0
"Dreese, Lindsey",Estes,19,2,5,2,0
"Finstad, Krynn",Estes,21,8,5,0,0
"Hansen, Sharon",Estes,17,0,4,0,0
"Marshall, Dianne",Estes,17,1,0,0,0
"Russell, Rebecca",Estes,14,2,2,0,0
"Sletten, Alex",Estes,17,1,0,0,0
"Sletten, Angelia",Estes,19,8,4,0,0
"Sullivan, Bailey",Estes,17,7,4,6,0
"Taber, Karen",Estes,18,3,3,2,0
"Thomas, Brandi",Estes,15,26,10,0,3
"Walker, Kelly",Estes,17,2,1,0,0
"Zervantian, Haley",Estes,17,5,4,0,0
"Anderson, Alizey",Fullford,18,4,6,2,0
"Faulkner-Katkin, Tara",Fullford,13,4,3,4,0
"Foster, Emily",Fullford,17,11,4,0,0
"Greene, Alexa",Fullford,15,1,3,4,0
"Hartley, Hannah",Fullford,16,0,4,0,0
"Kelly, Michele",Fullford,20,10,7,0,0
"Laro, Hope",Fullford,20,0,3,0,0
"Neumann, Aimee",Fullford,15,0,6,2,0
"Pierce, Sheryl",Fullford,17,0,3,2,0
"Richards, Samantha",Fullford,10,13,9,4,1
"Rowe, Annie",Fullford,13,9,5,0,0
"Bosche, Lauren",Home Town PT,18,5,5,2,0
"Curl, Jen",Home Town PT,19,0,4,2,0
"Graham, Jen",Home Town PT,18,0,3,0,0
"Hansen, Cristina",Home Town PT,13,4,4,0,0
"Larsen, Amy",Home Town PT,16,4,7,0,0
"Levasseur, Trish",Home Town PT,18,1,7,0,0
"Lindsey, Rebecca",Home Town PT,15,2,1,0,0
"Morgensen, Allison",Home Town PT,17,11,4,2,0
"Olson, Riley",Home Town PT,19,20,12,0,0
"Pierce, Adrienne",Home Town PT,10,2,2,2,0
"Sheets, Janet",Home Town PT,20,3,4,0,0
"Yeske, Kate",Home Town PT,15,5,0,0,0
"Cherneva, Liyana",Ice Dragons,19,4,8,2,0
"Clark, Sarah",Ice Dragons,13,2,3,0,0
"Duncan, Cassie",Ice Dragons,19,4,3,2,0
"Esdale, Julie",Ice Dragons,17,5,4,0,0
"Hall, Jen",Ice Dragons,17,26,11,4,3
"Hall, Rex Ann",Ice Dragons,18,2,0,4,0
"McDowell, Marissa",Ice Dragons,19,17,8,2,2
"Mohr, Lisa",Ice Dragons,19,4,2,0,0
"Sewell, Liz",Ice Dragons,19,18,12,2,1
"Tate, Amanda",Ice Dragons,18,0,1,2,0
"Woody, Miriam",Ice Dragons,14,0,0,0,0
"Wooley, Jessica",Ice Dragons,21,3,3,0,0
"Clark, Kayla",Lat 65 Brewing,18,5,7,2,0
"Clough, Natalie",Lat 65 Brewing,21,3,5,0,0
"Ermi, Ashley",Lat 65 Brewing,21,6,4,6,0
"Ermi, Sarah",Lat 65 Brewing,21,4,6,0,0
"Hammargren, Kristine",Lat 65 Brewing,17,0,2,4,0
"Keyes, Bonnie",Lat 65 Brewing,19,0,1,4,0
"Maier, Jessica",Lat 65 Brewing,15,4,4,6,0
"Rittel, Alyssa",Lat 65 Brewing,12,1,1,0,0
"Roe, Corrine",Lat 65 Brewing,12,1,1,0,0
"Steele, Sarah",Lat 65 Brewing,17,2,9,2,0
"Vivlamore, Jordyne",Lat 65 Brewing,17,19,4,2,1
"Wilkinson, Stephanie",Lat 65 Brewing,17,0,1,0,0
"Barker, Amanda",Mullet Militia,15,0,2,0,0
"Bates, Brianna",Mullet Militia,14,1,4,0,0
"Boschert, Samantha",Mullet Militia,19,5,5,2,0
"Bryant, Tirzah",Mullet Militia,12,2,2,2,0
"Castro, Eddie",Mullet Militia,20,0,1,0,0
"Entrikin, Emilie",Mullet Militia,18,1,3,0,0
"Kiernan, Kaelan",Mullet Militia,15,0,3,0,0
"Lammers, Michelle",Mullet Militia,16,1,2,0,0
"Larson, Dana",Mullet Militia,19,29,6,4,4
"Pitt, Aprille",Mullet Militia,18,0,3,0,0
"Vagedes, Amy",Mullet Militia,16,0,0,0,0
"Werle, Denise",Mullet Militia,19,6,6,2,0
"Arnold, Chelsea",Old School,19,2,4,8,0
"Bluekens, Stephanie",Old School,13,4,5,2,0
"Childs, Becky",Old School,17,15,11,0,0
"Day, Marina",Old School,20,5,2,8,0
"Donaldson, Emily",Old School,20,5,2,4,0
"Doyle-Brewer, Michele",Old School,16,3,3,0,0
"Frampton, Sarah",Old School,18,1,2,0,0
"McCarthy, Anna",Old School,18,0,9,2,0
"Nauheim, Kiana",Old School,21,44,30,4,6
"Olund, Dawn",Old School,13,21,11,6,1
"Preston, Niki",Old School,13,4,6,0,0
"Raisis, Valerie",Old School,9,0,0,0,0
"Brehm, Elise",PIAS,20,4,7,0,0
"Ferguson, Lia",PIAS,20,9,6,2,0
"Fisher, Donna",PIAS,19,4,6,0,0
"French, Aspen",PIAS,12,8,7,2,0
"Donovan, Allison",PIAS,6,3,3,0,0
"Henderson, Shawna",PIAS,20,8,4,0,0
"Karpovich, Shawna",PIAS,18,1,3,0,0
"King, Jasmine",PIAS,19,14,17,0,0
"Kohntopp, Jacqueline",PIAS,13,1,0,0,0
"Nelsen, Tricia",PIAS,17,5,9,0,0
"Taylor, Chelsea",PIAS,17,27,19,4,1
"Weingartner, Laura",PIAS,18,6,11,2,0
"Williams, Rhonda",PIAS,5,1,0,0,0
"Baxter, Jodi",Wentz,20,1,5,0,0
"Hine, Larissa",Wentz,21,1,4,0,0
"Kang, Linda",Wentz,13,0,0,0,0
"Larson, Deidre",Wentz,20,15,10,2,0
"Leighton, Tara",Wentz,17,16,8,6,1
"Matthews, Cindy",Wentz,18,1,4,0,0
"Nilson, Michele",Wentz,18,2,2,4,0
"Price, Meaghan",Wentz,12,0,0,0,0
"Ranstead, Audrey",Wentz,13,4,4,0,0
"St. Amand, Brea",Wentz,18,18,8,6,0
"Wade, Carlie",Wentz,18,3,6,0,0
"Wentz, Natalie",Wentz,14,1,1,2,0
